,fixed acidity,volatile acidity,citric acid,residual sugar,chlorides,free sulfur dioxide,total sulfur dioxide,density,pH,sulphates,alcohol
493,0.36283185840707965,0.39041095890410954,0.31,0.14383561643835616,0.12353923205342235,0.3283582089552239,0.26501766784452296,0.7437591776798911,0.5826771653543306,0.22699386503067484,0.49230769230769234
354,0.1327433628318584,0.06164383561643835,0.4,0.03424657534246575,0.09015025041736227,0.5895522388059701,0.5618374558303887,0.0829662261380264,0.40157480314960603,0.1349693251533742,0.5384615384615385
342,0.5575221238938054,0.18493150684931509,0.47,0.06164383561643835,0.17696160267111852,0.07462686567164178,0.028268551236749116,0.5969162995594672,0.44094488188976344,0.23312883435582823,0.2153846153846155
834,0.3716814159292037,0.386986301369863,0.26,0.04794520547945205,0.12687813021702837,0.22388059701492538,0.06007067137809187,0.5044052863436264,0.4566929133858264,0.06134969325153375,0.15384615384615397
705,0.33628318584070804,0.6267123287671232,0.15,0.34931506849315064,0.10183639398998329,0.1492537313432836,0.16961130742049468,0.6556534508076339,0.49606299212598426,0.07361963190184048,0.23076923076923084
